Date,Month,Day,Holiday,chan_1_1,chan_1_2,chan_1_3,chan_1_4,chan_1_5,chan_1_6,chan_1_7,chan_1_8,chan_1_9,chan_1_10,chan_1_11,chan_1_total,chan_2_1,chan_2_2,chan_2_total,chan_3_1,chan_3_2,chan_3_3,chan_3_4,chan_3_5,chan_3_6,chan_3_7,chan_3_8,chan_3_total,chan_4_1,chan_4_2,chan_4_3,chan_4_4,chan_4_5,chan_4_total,int_1,int_2,int_3,int_4,int_5,int_6,Target
1-Jan,Jan,Friday,1,0,0,24.51,0,0,0,0,39.02,0,50.35,43.27,157.15,0,0,0,0,0,0,0,0,0,9.88,5.71,15.59,9.6,0,0,0,0,9.6,0,2449.9685,1508.64,0,0,149.664,0
2-Jan,Jan,Saturday,0,0,0,83.71,0,0,0,0,41.3,4.88,43.17,55.3,228.36,0,0,0,0,0,19.7,0,0,0,4.89,0,4.89,10.44,0,0,0,0,10.44,0,1116.6804,2384.0784,0,0,51.0516,0
3-Jan,Jan,Sunday,0,0,0,55,0,0,0,0,40.09,0.97,42.02,77.82,215.9,0,0,0,0,0,1.79,0,0,0,1.61,4.09,5.7,10,0,0,0,0,10,0,1230.63,2159,0,0,57,1
4-Jan,Jan,Monday,0,7.19,0,55.55,0,0,0,0,36.64,7.53,41.32,96.89,245.12,0,0,0,0,0,4.03,0,0,2.66,6.61,5.59,14.86,11.42,0,0,0,0,11.42,0,3642.4832,2799.2704,0,0,169.7012,8
5-Jan,Jan,Tuesday,0,6.25,0,55.18,0,0,0,0,35.8,0.69,45.3,85.24,228.46,0,0,0,0,0.41,17.34,0,0,0,11.79,0.74,12.53,10.24,0,0,0,0,10.24,0,2862.6038,2339.4304,0,0,128.3072,3
6-Jan,Jan,Wednesday,0,0,0,55.05,0,0,0,0,37.07,1.93,45.09,94.6,233.74,0,0,0,0,0,10.05,0,0,1.46,12.6,4.26,18.32,11.79,0,0,0,0,11.79,0,4282.1168,2755.7946,0,0,215.9928,2
7-Jan,Jan,Thursday,0,0,0.38,49.19,0,0,0,0,38.31,20.78,39.98,84.84,233.48,0.01,0,0.01,0,0,10.14,0,0,0,6.21,0,6.21,14.76,0,0,0,0,14.76,2.3348,1449.9108,3446.1648,0.0621,0.1476,91.6596,5
8-Jan,Jan,Friday,0,0,6.82,51.14,0,0,0,0,37.15,3.11,39.67,78.98,216.87,0,0,0,0,0,5.48,0,0,0,8.74,4.4,13.14,15.17,0,0,0,0,15.17,0,2849.6718,3289.9179,0,0,199.3338,5
9-Jan,Jan,Saturday,0,0,3.36,48.98,0,0,0,0,37.4,0,41.32,17.81,148.87,0,0,0,0,0,0,0,0,0,6.05,4.99,11.04,14.88,0,0,0,0,14.88,0,1643.5248,2215.1856,0,0,164.2752,1
10-Jan,Jan,Sunday,0,4.62,0,47.75,0,0,0,0,33.67,0.62,39.66,78.68,205,0,0,0,0,0,1.77,0,0,0,3.84,0,3.84,14.55,0,0,0,0,14.55,0,787.2,2982.75,0,0,55.872,0
11-Jan,Jan,Monday,0,13.26,1.69,53.11,0,0,0,0,35.97,4.54,47.09,83.69,239.35,0,0,0,0,0,8.93,0,0,0,3.76,3.19,6.95,15.41,0,0,0,0,15.41,0,1663.4825,3688.3835,0,0,107.0995,9
12-Jan,Jan,Tuesday,0,1.88,0,51.78,0,0,0,0,36.68,7.04,45.26,69.93,212.57,0,0,0,0,2.35,8.44,0,0,0,6.09,4.57,10.66,14.94,0,0,0,0,14.94,0,2265.9962,3175.7958,0,0,159.2604,5
13-Jan,Jan,Wednesday,0,2.59,0,52.7,0,0,0,0,34.12,3.04,41.1,79.57,213.12,0,0,0,0,0,17.27,0,0,0,11.83,3.32,15.15,10.55,0,84.17,0,0,94.72,0,3228.768,20186.7264,0,0,1435.008,2
14-Jan,Jan,Thursday,0,1.68,0,51.31,84.78,0,0,0,37.01,1.63,38.44,72.84,287.69,0,0,0,0,0,6.19,0,0,0,6.04,4.37,10.41,10.49,0,84.31,0,0,94.8,0,2994.8529,27273.012,0,0,986.868,6
15-Jan,Jan,Friday,0,4.3,1.57,53.56,70.44,0,0,0,37.35,0.95,41.6,85.22,294.99,0,0,0,0,0,2.54,0,0,0,12.69,0,12.69,9.46,0,84.24,0,0,93.7,0,3743.4231,27640.563,0,0,1189.053,5
16-Jan,Jan,Saturday,0,0,0,44.2,71.4,0,0,0,37.85,0,36.69,75.17,265.31,0.01,0,0.01,0,0,11.59,0,0,0,4.81,2.37,7.18,9.33,0,84.84,0,0,94.17,2.6531,1904.9258,24984.2427,0.0718,0.9417,676.1406,1
17-Jan,Jan,Sunday,0,3.45,0,49.75,69.66,0,0,0,33.7,0,40.03,68.97,265.56,0,0,0,0,0,5.41,0,0,0,12.4,6.8,19.2,10.17,0,73.32,0,0,83.49,0,5098.752,22171.6044,0,0,1603.008,0
18-Jan,Jan,Monday,1,0,6.96,55.02,71.54,0,0,0,34.89,6.24,37.21,64.37,276.23,0,0,0,0,0,6.78,0,0,0,6.45,0,6.45,10.61,0,71.58,0,0,82.19,0,1781.6835,22703.3437,0,0,530.1255,6
19-Jan,Jan,Tuesday,0,5.23,0,49.54,136.25,0,0,0,34.95,4.6,39,67.6,337.17,0,0,0,0,0,13.71,0,0,0,17.67,4.31,21.98,10,0,73.33,0,0,83.33,0,7410.9966,28096.3761,0,0,1831.5934,7
20-Jan,Jan,Wednesday,0,0,0,51.68,141.54,0,0,0,31.91,1.79,38.23,67.53,332.68,0,0,0,0,0,3.1,0,0,0,7.53,2.67,10.2,9.75,8.05,74.1,0,0,91.9,0,3393.336,30573.292,0,0,937.38,2
21-Jan,Jan,Thursday,0,6.43,0,48.32,335.3,0,0,0,37.11,0,36.86,63.84,527.86,0,0,0,0,0,11.99,0,0,0,10.8,4.88,15.68,9.53,20.9,72,0,0,102.43,0,8276.8448,54068.6998,0,0,1606.1024,3
22-Jan,Jan,Friday,0,0,1.26,77.31,270.17,0,0,0,112.02,1.98,83.47,69.32,615.53,0,0,0,0,0,14.62,0,0,0,6.55,0,6.55,10.1,30.81,74.07,0,0,114.98,0,4031.7215,70773.6394,0,0,753.119,7
23-Jan,Jan,Saturday,0,6.08,0,74.37,385.14,0,0,0,110.59,0,112.43,65.73,754.34,0,0,0,0,0,9.57,0,0,0,8.71,4.89,13.6,9.84,32.41,72.6,0,0,114.85,0,10259.024,86635.949,0,0,1561.96,3
24-Jan,Jan,Sunday,0,0,0,80.77,321.28,0,0,0,115.34,7.75,108.02,65.85,699.01,0,0,0,0,0,0,0,0,0,14.81,5.96,20.77,10.24,34.41,85.3,0,0,129.95,0,14518.4377,90836.3495,0,0,2699.0615,3
25-Jan,Jan,Monday,0,25.3,1.99,78.54,331.72,0,0,0,117.68,12.99,160.16,69.76,798.14,0,0,0,0,0,0,0,0,1.63,3.31,0,4.94,9.79,35.82,85.14,0,0,130.75,0,3942.8116,104356.805,0,0,645.905,15
26-Jan,Jan,Tuesday,0,17.7,0,83.48,340.32,0,0,0,117.8,11.73,143.76,63.17,777.96,0,0,0,0,0,2.51,0,0,0,14.59,10.83,25.42,10.24,34.77,85.08,0,0,130.09,0,19775.7432,101204.8164,0,0,3306.8878,10
27-Jan,Jan,Wednesday,0,2.44,3.53,58.67,331.62,0,0,0,113.61,7.42,154.03,41.01,712.33,0,0,0,0,0,0,0,0,0,5.14,6.79,11.93,9.64,0,0,0,0,9.64,0,8498.0969,6866.8612,0,0,115.0052,6
28-Jan,Jan,Thursday,0,0,8.84,88.54,326.66,0,0,0,111.72,15.13,109.43,69.72,730.04,0,0,0,0,0,0,0,0,0,8.72,8.71,17.43,10.03,0,0,0,0,10.03,0,12724.5972,7322.3012,0,0,174.8229,8
29-Jan,Jan,Friday,0,1.9,0,61.19,317.38,0,0,0,108.95,4.98,138.09,61.42,693.91,0,0,0,0,0,0,0,0,0,14.4,10.33,24.73,10.33,0,0,0,0,10.33,0,17160.3943,7168.0903,0,0,255.4609,4
30-Jan,Jan,Saturday,0,0,0,69.8,290.42,0,0,0,99.98,0,121.33,55.43,636.96,0,0,0,0,0,11.16,0,0,0,14.19,9.67,23.86,5.16,0,0,0,0,5.16,0,15197.8656,3286.7136,0,0,123.1176,1
31-Jan,Jan,Sunday,0,0,0,67.02,269.96,0,0,0,93.19,0.01,68.97,55.77,554.92,0,0,0,0,0,19.5,0,0,0,2.62,7.48,10.1,5.18,0,0,0,0,5.18,0,5604.692,2874.4856,0,0,52.318,1
1-Feb,Feb,Monday,0,12.5,2.03,90.7,375.45,0,0,0,133.61,3.06,128.2,80.82,826.37,0,0,0,0,0,3.21,0,0,0,9.53,3.44,12.97,4.97,0,0,0,0,4.97,0,10718.0189,4107.0589,0,0,64.4609,9
2-Feb,Feb,Tuesday,0,7.85,1.58,87.13,365.57,0,0,0,128.44,12.02,149.97,82.05,834.61,0.71,0,0.71,0,0,13.98,0,0,0,6.68,0,6.68,19.97,0,85.76,0,0,105.73,592.5731,5575.1948,88243.3153,4.7428,75.0683,706.2764,12
3-Feb,Feb,Wednesday,0,5.44,0,82.45,358.15,0,0,0,129.08,6.68,141.33,94.38,817.51,1.04,0,1.04,0,0,5.89,0,0,0,12.99,5.13,18.12,33.94,0,84.47,0,0,118.41,850.2104,14813.2812,96801.3591,18.8448,123.1464,2145.5892,17
4-Feb,Feb,Thursday,0,7.11,5.36,87.76,348.76,0,0,0,123.71,4.98,114.88,79.51,772.07,1.02,0,1.02,2.43,0,3.37,0,0,0,4.07,4.2,8.27,33.48,0,76.71,0,0,110.19,787.5114,6385.0189,85074.3933,8.4354,112.3938,911.2713,11
5-Feb,Feb,Friday,0,0,0,94.22,353.3,0,0,0,122.3,0,97.15,86.15,753.12,0.84,0,0.84,0,0,0,0,0,0,7.84,5.32,13.16,34.59,0,84.74,0,0,119.33,632.6208,9911.0592,89869.8096,11.0544,100.2372,1570.3828,5
6-Feb,Feb,Saturday,0,0,2.56,85.75,346.88,0,0,0,129.07,0,132.94,74.75,771.95,0.01,0.02,0.03,0,0,15.69,0,0,0,0,5.03,5.03,35.17,0,84.31,0,0,119.48,23.1585,3882.9085,92232.586,0.1509,3.5844,600.9844,3
7-Feb,Feb,Sunday,0,0,5.41,35.25,353.47,0,0,0,119.7,0,140.41,83.21,737.45,0.84,6.69,7.53,0,0,18.06,0,0,0,17.24,4.28,21.52,34.19,0,74.03,0,0,108.22,5552.9985,15869.924,79806.839,162.0456,814.8966,2328.8944,1
8-Feb,Feb,Monday,0,12.42,0,101.18,378.3,0,0,0,127.21,22.16,109.37,84.88,835.52,0.1,4.64,4.74,0,0,0,0,0,0,16.96,4.69,21.65,34.5,0,73.62,0,0,108.12,3960.3648,18089.008,90336.4224,102.621,512.4888,2340.798,12
9-Feb,Feb,Tuesday,0,16.47,10.24,84.81,353.34,0,0,0,123.17,5.63,123.18,77.1,793.94,2.04,6.52,8.56,0,0,7.71,0,0,0,4.8,5.68,10.48,35.44,0,72.16,0,0,107.6,6796.1264,8320.4912,85427.944,89.7088,921.056,1127.648,5
10-Feb,Feb,Wednesday,0,7.55,0,73.98,356.29,0,0,0,129.22,5.55,124.16,76.61,773.36,0.97,6.88,7.85,0,0,5.62,0,0,0,2.18,0,2.18,32.61,0,61.96,0,0,94.57,6070.876,1685.9248,73136.6552,17.113,742.3745,206.1626,5
11-Feb,Feb,Thursday,0,1.08,4.43,88.25,358.28,0,0,0,122.21,2.52,147.49,92.65,816.91,7.99,6.87,14.86,13.3,0,15.87,0,0,1.41,8.1,0.29,9.8,8.21,0,222.91,0,0,231.12,12139.2826,8005.718,188804.2392,145.628,3434.4432,2264.976,9
12-Feb,Feb,Friday,0,0,5.14,85.64,350.1,0,0,0,115.31,7.1,159.5,81.51,804.3,4.28,6.77,11.05,0,0,8.74,0,0,0,3.43,3.99,7.42,8.31,0,172.3,0,0,180.61,8887.515,5967.906,145264.623,81.991,1995.7405,1340.1262,9
13-Feb,Feb,Saturday,0,0,0,85.74,328.96,0,0,0,115.58,24.12,145.6,72.82,772.82,2.29,6.11,8.4,0,2.65,11.07,0,0,0,7.81,4.34,12.15,7.88,0,148.77,0,0,156.65,6491.688,9389.763,121062.253,102.06,1315.86,1903.2975,4
14-Feb,Feb,Sunday,0,0,0,71.09,346.68,0,0,0,125,0,100.89,35.45,679.11,4.54,3.92,8.46,0,0,0,0,0,0,10.83,1.42,12.25,7.8,0,149.27,0,0,157.07,5745.2706,8319.0975,106667.8077,103.635,1328.8122,1924.1075,1
15-Feb,Feb,Monday,1,4.95,0,89.42,352.63,0,0,0,121.17,6.96,127.72,77.93,780.78,10.26,3.76,14.02,0,0,16.58,0,0,0,11.38,4.06,15.44,8.13,0,149.34,0,0,157.47,10946.5356,12055.2432,122949.4266,216.4688,2207.7294,2431.3368,8
16-Feb,Feb,Tuesday,0,5.71,0,87.07,341.38,0,0,0,130.24,0,150.65,80.07,795.12,1.62,3.96,5.58,0,0,3.09,0,0,0,0.33,2.56,2.89,7.96,0,76.19,0,0,84.15,4436.7696,2297.8968,66909.348,16.1262,469.557,243.1935,0
17-Feb,Feb,Wednesday,0,0,0,80.09,359.51,0,0,0,122.11,6.89,113.45,78.14,760.19,4.16,3.61,7.77,0,0,8.83,0,0,2.63,1.01,0.49,4.13,7.87,0,72.41,0,0,80.28,5906.6763,3139.5847,61028.0532,32.0901,623.7756,331.5564,2
18-Feb,Feb,Thursday,0,0,9.73,80.13,350.65,0,0,0,121.02,15.47,92.95,82.59,752.54,4.22,3.67,7.89,0,0,12.3,0,0,1.7,0.75,2.22,4.67,5.2,26.06,78,0,0,109.26,5937.5406,3514.3618,82222.5204,36.8463,862.0614,510.2442,10
19-Feb,Feb,Friday,0,1.64,0,76.39,340.14,0,0,0,113.45,3.02,112.39,76.69,723.72,2.55,3.57,6.12,0,0,8,0,0,0,15.7,3.54,19.24,5.22,41.53,83.83,0,0,130.58,4429.1664,13924.3728,94503.3576,117.7488,799.1496,2512.3592,3
20-Feb,Feb,Saturday,0,6.25,0,77.8,338.01,0,0,0,115.73,2.45,111.1,76.9,728.24,5.61,3.55,9.16,0,0,0,0,0,0,14.08,0,14.08,3.74,36.03,83.02,0,0,122.79,6670.6784,10253.6192,89420.5896,128.9728,1124.7564,1728.8832,1
21-Feb,Feb,Sunday,0,0,0,42.68,336.94,0,0,0,114.3,1.84,143.71,72.76,712.23,6.03,3.57,9.6,0,0,1.75,0,0,0,3.78,1.86,5.64,4.86,40.18,98.84,0,0,143.88,6837.408,4016.9772,102475.6524,54.144,1381.248,811.4832,1
22-Feb,Feb,Monday,0,16.64,0,102.85,359.02,0,0,0,125.07,18.15,120.06,87.13,828.92,3.03,3.66,6.69,0,0,17.34,0,0,0,6.61,4.89,11.5,5.08,39.82,99.13,0,0,144.03,5545.4748,9532.58,119389.3476,76.935,963.5607,1656.345,10
23-Feb,Feb,Tuesday,0,0,0,90.16,350.8,0,0,0,113.29,8.31,232.12,70.54,865.22,5.4,3.6,9,0,1,6.87,0,0,0,7.54,3.71,11.25,4.86,0,100.06,0,0,104.92,7786.98,9733.725,90778.8824,101.25,944.28,1180.35,9
24-Feb,Feb,Wednesday,0,5.73,0,84.32,352.42,0,0,0,117.78,2.01,84.25,68.25,714.76,3.5,3.7,7.2,0,0,10.46,0,0,1.09,12.37,4.42,17.88,5.3,0,0,0,0,5.3,5146.272,12779.9088,3788.228,128.736,38.16,94.764,8
25-Feb,Feb,Thursday,0,2.01,8.06,84.96,337.87,0,0,0,117.37,18.59,143.15,72.48,784.49,0.16,3.47,3.63,0,1.53,0,0,0,0,8.98,4.98,13.96,4.85,0,0,0,0,4.85,2847.6987,10951.4804,3804.7765,50.6748,17.6055,67.706,12
26-Feb,Feb,Friday,0,0,0,74.84,330.35,0,0,0,111.28,30.21,175.41,67.97,790.06,3.8,3.44,7.24,0,0,0,0,0,0,12.55,0.86,13.41,5.02,0,0,0,0,5.02,5720.0344,10594.7046,3966.1012,97.0884,36.3448,67.3182,8
27-Feb,Feb,Saturday,0,0.37,0,67.44,308.33,0,0,0,92.55,0,140,61.77,670.46,0,0,0,0,0,0,0,0,0,4.32,2.88,7.2,5.03,0,0,0,0,5.03,0,4827.312,3372.4138,0,0,36.216,0
28-Feb,Feb,Sunday,0,0,3.33,58.69,296.38,0,0,0,85.03,0,85.65,52.89,581.97,0,0,0,0,0,0,0,0,0,11.19,0,11.19,4.95,0,0,0,0,4.95,0,6512.2443,2880.7515,0,0,55.3905,0
1-Mar,Mar,Monday,0,0.59,0,92.17,338.37,0,0,0,118.94,13.22,149.71,77.49,790.49,0,0,0,0,0.86,3.83,0,0,0,13.25,0.94,14.19,4.99,0,0,0,0,4.99,0,11217.0531,3944.5451,0,0,70.8081,11
2-Mar,Mar,Tuesday,0,20.48,5.61,78.72,333.75,0,0,0,122.58,8.36,155.35,76.65,801.5,0,0,0,0,0,16.44,0,0,0,5.14,0,5.14,5.25,0,0,0,0,5.25,0,4119.71,4207.875,0,0,26.985,12
3-Mar,Mar,Wednesday,0,8.04,9.39,75.93,330.64,0,0,0,117.25,5.07,122.74,71.7,740.76,0,0,0,0,0,11.71,0,0,0,8.25,2.4,10.65,5.04,0,0,0,0,5.04,0,7889.094,3733.4304,0,0,53.676,8
4-Mar,Mar,Thursday,0,3.92,18.38,74.69,330.89,0,0,0,111.36,12.67,118.89,72.31,743.11,0,0,0,0,1.1,12.02,15.02,88.93,0,10.02,7.3,106.25,9.25,0,0,0,0,9.25,0,78955.4375,6873.7675,0,0,982.8125,11
5-Mar,Mar,Friday,0,1.46,1.77,77.13,312.8,0,0,0,107.02,6.21,125.97,70.65,703.01,0,0,0,0,0,4.19,15.12,24.39,0,10.39,10.71,45.49,16.31,0,0,0,0,16.31,0,31979.9249,11466.0931,0,0,741.9419,14
6-Mar,Mar,Saturday,0,0,0,79.21,315.54,0,0,0,109.06,0,107.78,75.03,686.62,0,0,0,0,0,7.61,15.56,16.56,0,8.56,13.83,38.95,14.95,0,0,0,0,14.95,0,26743.849,10264.969,0,0,582.3025,0
7-Mar,Mar,Sunday,0,0,2.02,73.81,314.21,0,0,0,108.54,3.21,111.67,67.68,681.14,0,0,0,0,0,4.82,13.07,27.73,0,10.52,2.94,41.19,15.73,0,0,0,0,15.73,0,28056.1566,10714.3322,0,0,647.9187,2
8-Mar,Mar,Monday,0,1.46,0,79.05,336.57,0,0,0,114.42,15.22,107.35,81.17,735.24,0,0,0,0,0,1.62,15.25,17.77,1.76,10.76,9.93,40.22,15.77,0,0,0,0,15.77,0,29571.3528,11594.7348,0,0,634.2694,16
9-Mar,Mar,Tuesday,0,0,0,88.58,333.31,0,0,0,114.09,2.58,127.44,72.63,738.63,0,0,0,0,0,9.21,14.08,26.69,0,7.01,2.11,35.81,16.04,0,0,0,0,16.04,0,26450.3403,11847.6252,0,0,574.3924,7
10-Mar,Mar,Wednesday,0,8.85,20.89,73.53,324.32,0,0,0,109.96,17.03,119.59,69.42,743.59,0,0,0,0,0,12.24,15.49,32.07,0,2.99,20.93,55.99,16.02,0,0,0,0,16.02,0,41633.6041,11912.3118,0,0,896.9598,11
11-Mar,Mar,Thursday,0,4.29,0,73.5,323.47,0,0,0,114.08,9.84,115.9,69.89,710.97,0,0,0,0,0,9.34,18.56,23.4,0,1.9,16.44,41.74,15.76,0,0,0,0,15.76,0,29675.8878,11204.8872,0,0,657.8224,4
12-Mar,Mar,Friday,0,0,1.3,69.39,317.02,0,0,0,107.98,7.03,106.23,67.39,676.34,0,0,0,0,0,1.32,14.64,27.36,0,3.52,0.7,31.58,16.26,0,0,0,0,16.26,0,21358.8172,10997.2884,0,0,513.4908,11
13-Mar,Mar,Saturday,0,0,10.68,71.87,308.49,0,0,0,107.72,0.1,111.47,81.01,691.34,0,0,0,0,0,7.9,14.93,10.26,0,15.73,0,25.99,16.42,0,0,0,0,16.42,0,17967.9266,11351.8028,0,0,426.7558,1
14-Mar,Mar,Sunday,0,0,0,69.14,307.12,0,0,0,106.25,0,134.25,65.82,682.58,0,0,0,0,0,10.7,10.04,12.77,0,9.1,2.64,24.51,15.79,0,0,0,0,15.79,0,16730.0358,10777.9382,0,0,387.0129,0
15-Mar,Mar,Monday,0,0,15.15,78.22,327.92,0,0,0,113.03,9.44,133.16,77.25,754.17,0,0,0,0,0,3.72,15.28,26.31,0,15.42,16.08,57.81,14.77,0,0,0,0,14.77,0,43598.5677,11139.0909,0,0,853.8537,19
16-Mar,Mar,Tuesday,0,0,26.38,71.44,323,0,0,5.52,110.51,9.86,110.22,67.35,724.28,0,0,0,0,0,2.62,11.59,15.57,0,12.93,5.93,34.43,9.77,0,0,0,0,9.77,0,24936.9604,7076.2156,0,0,336.3811,4
17-Mar,Mar,Wednesday,0,2.1,8.55,73.52,317.63,0,0,0,108.53,0.05,121.65,71.27,703.3,0,0,0,0,0,0,15.6,14.18,0,14.79,3.68,32.65,9.8,0,0,0,0,9.8,0,22962.745,6892.34,0,0,319.97,5
18-Mar,Mar,Thursday,0,0.55,0,72.66,317.63,0,0,0,109.21,0,124.9,68.32,693.27,0,0,0,2.5,0,13.47,14.24,13.27,1.95,16.1,17.28,48.6,5.56,48.84,62.71,0,0,117.11,0,33692.922,81188.8497,0,0,5691.546,8
19-Mar,Mar,Friday,0,3.99,0,83.27,305.03,0,0,0,102.9,3.61,117.55,68.61,684.96,0,0,0,0,0,8.08,15.25,8.08,0,11.81,7.46,27.35,4.88,48.25,72.17,0,0,125.3,0,18733.656,85825.488,0,0,3426.955,3
20-Mar,Mar,Saturday,0,0,0,64.21,304.19,0,0,0,111.38,2.52,116.27,65.11,663.68,0,0,0,0,0,2.39,13.07,14.47,0,0,0,14.47,4.42,46.79,71.08,0,0,122.29,0,9603.4496,81161.4272,0,0,1769.5363,1
21-Mar,Mar,Sunday,0,0,9.42,68.99,307.12,0,0,0,100.26,0,102.38,62.95,651.12,0,0,0,0,0,4.36,12.49,18.89,1.07,3.47,10.47,33.9,4.89,39.68,75.69,0,0,120.26,0,22072.968,78303.6912,0,0,4076.814,2
22-Mar,Mar,Monday,0,9.56,7.45,77.53,318.94,0,0,0,112.49,24.51,119.45,68.58,738.51,0,0,0,0,0,5.83,15.13,11.89,0,3.81,5.8,21.5,4.87,40.12,75.64,0,0,120.63,0,15877.965,89086.4613,0,0,2593.545,8
23-Mar,Mar,Tuesday,0,3.09,7.7,72.81,322.57,0,0,0,109.93,7.5,100.02,69.32,692.94,0,0,0,1,0,6.07,17.58,0,0,9.87,13.4,23.27,5.33,39.55,75.26,0,0,120.14,0,16124.7138,83249.8116,0,0,2795.6578,9
24-Mar,Mar,Wednesday,0,0,3.77,67.6,308.69,0,0,0,104.06,13.1,122.09,66.65,685.96,0,0,0,0,0,3.13,16.21,0,0,13,16.13,29.13,4.91,40.98,72.8,0,0,118.69,0,19982.0148,81416.5924,0,0,3457.4397,10
25-Mar,Mar,Thursday,0,2.74,0,69.88,309.34,0,0,0,105.08,21.08,116.66,67.02,691.8,0,0,0,0,2.78,0,9.19,0,0.05,8.19,4.91,13.15,4.97,40.92,76.23,0,0,122.12,0,9097.17,84482.616,0,0,1605.878,8
26-Mar,Mar,Friday,0,3.82,0,64.2,294.28,0,0,0,104.5,10.46,110.17,66.69,654.12,0,0,0,0,0,2.97,16.38,0,0,10.14,15.83,25.97,5.32,40.07,75.4,0,0,120.79,0,16987.4964,79011.1548,0,0,3136.9163,5
27-Mar,Mar,Saturday,0,0,4.95,63.02,299.56,0,0,0,97.77,0,109.91,58.24,633.45,0,0,0,0,0,4.13,14.78,0,0,10.09,3.44,13.53,4.71,38.68,73.98,0,0,117.37,0,8570.5785,74348.0265,0,0,1588.0161,2
28-Mar,Mar,Sunday,0,1.78,0,64.56,290.89,0,0,0,98.09,0.68,112.52,61.3,629.82,0,0,0,0,0,6.72,7.78,0,0,8.9,4.49,13.39,5.02,40.12,87.22,0,0,132.36,0,8433.2898,83362.9752,0,0,1772.3004,6
29-Mar,Mar,Monday,0,6.25,0,61.79,294.51,0,0,0,98.48,12.52,109.08,57.51,640.14,0,0,0,0,0,11.48,18.43,4.25,0,11.44,12.38,28.07,5.03,40.77,86.95,0,0,132.75,0,17968.7298,84978.585,0,0,3726.2925,5
30-Mar,Mar,Tuesday,0,2.43,0,60.43,284.88,0,0,0,95.29,5.26,106.8,56.93,612.02,0,0,0,0,2.42,15.1,21.01,0,1,15.09,6.14,22.23,5.1,39.11,87.07,0,0,131.28,0,13605.2046,80345.9856,0,0,2918.3544,10
31-Mar,Mar,Wednesday,0,4.12,9.79,58.68,275.1,0,0,0,93.24,2.28,100.71,55.96,599.88,0,0,0,0,1.33,10.27,21.01,0,0,2.47,3.15,5.62,4.88,0,0,0,0,4.88,0,3371.3256,2927.4144,0,0,27.4256,11
1-Apr,Apr,Thursday,0,0,7.25,79.97,336.87,0,0,0,115.83,0,118.44,75,733.36,0,0,0,0,2.27,13.84,15.07,18.55,0,11.51,6.44,36.5,11.02,0,0,0,0,11.02,0,26767.64,8081.6272,0,0,402.23,7
2-Apr,Apr,Friday,0,0,2.69,75.44,323.89,0,0,0,113.55,0,82.98,71.35,669.9,0,0,0,0,0,1.4,8.74,31.18,0,10.7,0.67,42.55,19.3,0,0,0,0,19.3,0,28504.245,12929.07,0,0,821.215,6
3-Apr,Apr,Saturday,0,0,0,60.66,327.45,0,0,0,114.89,0,89.48,75.78,668.26,0,0,0,0,0,5.4,12.11,52.55,0,5.32,1.47,59.34,19.83,0,0,0,0,19.83,0,39654.5484,13251.5958,0,0,1176.7122,2
4-Apr,Apr,Sunday,0,3.87,0,92.79,340.68,0,0,0,115.13,0,158.01,73.67,784.15,0,0,0,0,0,7.44,11.12,31.24,0,7.61,4.79,43.64,20.3,0,0,0,0,20.3,0,34220.306,15918.245,0,0,885.892,2
5-Apr,Apr,Monday,0,7.39,13.27,94.89,540.41,0,0,0,360.32,8.42,148.04,186.66,1359.4,0,0,0,0,0,2.84,15.11,29.77,1.78,10.97,7.59,50.11,19.85,0,0,0,0,19.85,0,68119.534,26984.09,0,0,994.6835,17
6-Apr,Apr,Tuesday,0,0.52,14,81.94,524.58,0,0,0,345.91,24.29,154.25,156.1,1301.59,0,0,0,0,0,1,12.23,34.53,0,7.74,3.09,45.36,19.97,0,0,0,0,19.97,0,59040.1224,25992.7523,0,0,905.8392,17
7-Apr,Apr,Wednesday,0,6.9,0,78.57,544.33,0,0,0,346.63,7.48,149.7,134.83,1268.44,0,0,0,0,7.59,4.9,17.46,21.06,1.5,12.4,12.78,47.74,20.33,0,0,0,0,20.33,0,60555.3256,25787.3852,0,0,970.5542,22
8-Apr,Apr,Thursday,0,4.69,1.92,79.21,515.3,0,0,0,339.96,14.38,188.21,230,1373.67,0,0,0,0,0,3.84,15.78,15.08,0,10.97,5.96,32.01,19.85,0,0,0,0,19.85,0,43971.1767,27267.3495,0,0,635.3985,7
9-Apr,Apr,Friday,0,0,0,80.33,479.61,0,0,0,328.1,17.39,222.66,169.85,1297.94,0,0,0,0.25,0,2.53,16.27,32.76,0,7.65,5.17,45.58,19.62,0,0,0,0,19.62,0,59160.1052,25465.5828,0,0,894.2796,3
10-Apr,Apr,Saturday,0,0.11,0,86.41,468.24,0,0,0,330.15,2.18,159.77,177.04,1223.9,0,0,0,0,0,8.39,15.37,31.68,0,4.55,7.61,43.84,20.08,0,0,0,0,20.08,0,53655.776,24575.912,0,0,880.3072,1
11-Apr,Apr,Sunday,0,0,0,76.83,431.15,0,0,0,326.98,6.01,211.02,127.03,1179.02,0,0,0,0,0,0.5,14.52,22.32,1.95,11.85,12.36,48.48,19.58,0,0,0,0,19.58,0,57158.8896,23085.2116,0,0,949.2384,2
12-Apr,Apr,Monday,0,0.17,11.92,77.08,590.15,0,0,0,343.95,5.44,241.85,218.94,1489.5,0,0,0,0,0,12.73,16.44,15.54,0,8.47,8.19,32.2,20.85,0,0,0,0,20.85,0,47961.9,31056.075,0,0,671.37,13
13-Apr,Apr,Tuesday,0,4.17,0.92,79.6,535.04,0,0,0,347.28,2.98,225.01,198.72,1393.72,0,0,0,0,0,12.14,15.23,10.76,0,19.32,1.88,31.96,12.42,0,0,0,0,12.42,0,44543.2912,17310.0024,0,0,396.9432,12
14-Apr,Apr,Wednesday,0,0,1.07,74.74,523.64,0,0,0,339.69,5.71,209.26,220.51,1374.62,0,0,0,0,0,6.44,14.82,20.82,0,9.83,11.18,41.83,5.04,30.72,73.6,0,0,109.36,0,57500.3546,150328.4432,0,0,4574.5288,9
15-Apr,Apr,Thursday,0,9.99,0,73.68,511.07,0,0,0,336.08,4.5,155.97,260.17,1351.46,0,0,0,0,0,5.42,15.49,14.86,0,2.33,1.6,18.79,5.15,31.18,74.48,0,0,110.81,0,25393.9334,149755.2826,0,0,2082.1199,7
16-Apr,Apr,Friday,0,0,2.47,75.74,507.71,0,0,0,326.04,4.32,91.83,224.42,1232.53,0,0,0,0.29,0,7,16.05,11.08,0,4.39,0,15.47,4.85,33.35,77.09,0,0,115.29,0,19067.2391,142098.3837,0,0,1783.5363,12
17-Apr,Apr,Saturday,0,0,14.58,74.44,489.63,0,0,0,325.04,0,83.04,109.42,1096.15,0,0,0,0,0,5.99,6.03,15.74,2.97,4.48,3.6,26.79,4.81,29.28,74.71,0,0,108.8,0,29365.8585,119261.12,0,0,2914.752,4
18-Apr,Apr,Sunday,0,0,0,73.31,465.97,0,0,0,328.48,0,165.05,176.55,1209.36,0,0,0,0,0,0,5.61,10.42,0,7.62,2.21,20.25,5.41,29.95,72,0,0,107.36,0,24489.54,129836.8896,0,0,2174.04,1
19-Apr,Apr,Monday,0,0,5.98,78.28,549.6,0,0,0,345.56,14.51,167.88,178.6,1340.41,0,0,0,0,1.74,4.16,14.08,18.3,1.69,12.71,11.9,44.6,5,30.4,71.89,0,0,107.29,0,59782.286,143812.5889,0,0,4785.134,17
20-Apr,Apr,Tuesday,0,10.98,0,72.9,520.52,0,0,0,339.13,20.33,183.09,153.35,1300.3,0,0,0,0,0,0,17.23,23.77,0,4.79,2.87,31.43,5.42,30.42,72.74,0,0,108.58,0,40868.429,141186.574,0,0,3412.6694,15
21-Apr,Apr,Wednesday,0,0,6.6,73.2,503.75,0,0,0,335.3,0,204.46,203.05,1326.36,0,0,0,0,0,5.21,17.22,13.3,3.86,14.46,12.62,44.24,5.01,29.33,70.63,0,0,104.97,0,58678.1664,139228.0092,0,0,4643.8728,19
22-Apr,Apr,Thursday,0,0.78,0,71.06,396.95,0,0,0,333.46,5.24,161.37,208.01,1176.87,0,0,0,0,0,0,16.77,0,0,7.61,0,7.61,5.24,30.39,72.38,0,0,108.01,0,8955.9807,127113.7287,0,0,821.9561,8
23-Apr,Apr,Friday,0,0.16,0,72.67,522.22,0,0,0,315.41,1.73,197.15,168.16,1277.5,0,0,0,0,2.67,1.89,18.15,0,0,13.07,0,13.07,4.44,30.71,73.58,0,0,108.73,0,16696.925,138902.575,0,0,1421.1011,4
24-Apr,Apr,Saturday,0,0,7.05,74.2,342.81,0,0,0,312.88,0,126.65,82.5,946.09,0,0,0,0,0,3.74,17.55,0,0,0,7.46,7.46,4.48,28.8,70.78,0,0,104.06,0,7057.8314,98450.1254,0,0,776.2876,1
25-Apr,Apr,Sunday,0,9.74,2.61,66.42,381.8,0,0,0,314.43,0,129.64,117.71,1022.35,0,0,0,0,0,0,14.51,0,0,5.06,4.37,9.43,5.29,30.9,83.56,0,0,119.75,0,9640.7605,122426.4125,0,0,1129.2425,5
26-Apr,Apr,Monday,0,0.91,9.59,71.8,231.27,0,0,0,330.53,19.74,104.16,104.3,872.3,0,0,0,0,0,4.33,15.26,0,0,10.56,8.9,19.46,5,30.93,84,0,0,119.93,0,16974.958,104614.939,0,0,2333.8378,6
27-Apr,Apr,Tuesday,0,0.43,2.86,65.44,108.88,0,0,0,110.15,7.98,92.34,106.46,494.54,0,0,0,0,0,8.1,16.42,0,0.64,6.97,6.61,14.22,2.5,15.53,45.6,0,0,63.63,0,7032.3588,31467.5802,0,0,904.8186,10
28-Apr,Apr,Wednesday,0,2.16,0,46.4,80.5,0,0,0,80.09,20.84,78.65,79.73,388.37,0,0,0,0,0,0,0,0,0,0,0,0,0,0,0,0,0,0,0,0,0,0,0,0,5
29-Apr,Apr,Thursday,0,0.1,4.38,40.27,88.82,0,0,0,80.61,10.5,75.19,68.4,368.27,0,0,0,0,0,0,0,0,0,0,0,0,0,0,0,0,0,0,0,0,0,0,0,0,8
30-Apr,Apr,Friday,0,1.34,5.65,33.24,54.55,0,0,0,64.3,9.99,71.09,75.05,315.21,0,0,0,0,0,0,0,0,0,0,0,0,0,0,0,0,0,0,0,0,0,0,0,0,3
1-May,May,Saturday,0,4.16,0,120.63,227.89,0,0,0,230.92,0,144.85,98.84,827.29,0,0,0,0,0,0,13.76,36.91,0,2.9,0,39.81,5.87,0,0,0,0,5.87,0,32934.4149,4856.1923,0,0,233.6847,4
2-May,May,Sunday,0,0,0,127.25,257.4,0,0,0,226.1,0,136.09,164.61,911.45,0,0,0,0,0,1.42,15.6,32.51,0,12.11,5.1,49.72,4.8,0,0,0,0,4.8,0,45317.294,4374.96,0,0,238.656,2
3-May,May,Monday,0,3.38,6.52,166.16,684.08,0,0,0,749.08,6.72,186.63,214.5,2017.07,0,0,0,0,1.38,8.56,15.58,25.52,5.16,9.24,11.54,51.46,5.02,0,0,0,0,5.02,0,103798.4222,10125.6914,0,0,258.3292,22
4-May,May,Tuesday,0,0,9.05,139.11,747.25,0,0,0,723.42,2.46,220.85,143.01,1985.15,0,0,0,0,3.21,1.97,14.53,35.44,0,2.1,6.02,43.56,14.09,0,0,0,0,14.09,0,86473.134,27970.7635,0,0,613.7604,14
5-May,May,Wednesday,0,0,10.37,131.26,670.66,0,0,0,730.1,7.88,166.68,203.67,1920.62,0,0,0,0,0,0,13.84,26.77,1.69,5.34,8.72,42.52,19.51,0,0,0,0,19.51,0,81664.7624,37471.2962,0,0,829.5652,15
6-May,May,Thursday,0,5.71,2.38,147.3,672.72,0,0,0,718.42,0,148.77,140.51,1835.81,0,0,0,0,0,4.9,15.35,20.42,3.58,4.31,6.61,34.92,20.61,0,0,0,0,20.61,0,64106.4852,37836.0441,0,0,719.7012,12
7-May,May,Friday,0,0,3.76,158.68,406.66,0,0,0,687.32,0,161.46,47.36,1465.24,0,0,0,0,0,2.11,12.61,23.81,0,3.71,6.89,34.41,18.62,0,0,0,0,18.62,0,50418.9084,27282.7688,0,0,640.7142,6
8-May,May,Saturday,0,0,0,122.95,348.43,0,0,0,698.01,0,78.84,19.92,1268.15,0,0,0,0,0,0,14.31,19.36,0,12.03,0,31.39,18.63,0,0,0,0,18.63,0,39807.2285,23625.6345,0,0,584.7957,0
9-May,May,Sunday,0,4.66,0,162.18,522.13,0,0,0,685.97,4.74,90.7,138.43,1608.81,0,0,0,0,0,4.17,15.03,12.31,0,4.15,14.83,31.29,21.25,0,0,0,0,21.25,0,50339.6649,34187.2125,0,0,664.9125,2
10-May,May,Monday,0,0,2.32,180.34,730.85,0,0,0,738.69,15.05,129.36,258.69,2055.3,0,0,0,0,0.86,0,15.7,14.87,1.66,7.52,10.29,34.34,19.21,0,0,0,0,19.21,0,70579.002,39482.313,0,0,659.6714,21
11-May,May,Tuesday,0,0,0,196.7,172.48,0,83.48,0,527.88,7.45,208.31,152.66,1348.96,0,0,0,0,1,6.61,14.71,15.7,0,9.24,0,24.94,12.11,0,0,0,0,12.11,0,33643.0624,16335.9056,0,0,302.0234,11
12-May,May,Wednesday,0,2.88,6.26,163.66,58.85,0,79.25,0,283.93,11.01,190.2,144.44,940.48,0,0,0,0,0,1.9,11.89,17.54,0,2.23,11.24,31.01,8.12,0,0,0,0,8.12,0,29164.2848,7636.6976,0,0,251.8012,12
13-May,May,Thursday,0,13.28,0,47.32,41.08,0,148.15,0,123.03,11.58,38.64,58.59,481.67,0,0,0,0,0,4.09,13.73,11.33,0,2.18,14,27.51,7.59,0,0,0,0,7.59,0,13250.7417,3655.8753,0,0,208.8009,12
14-May,May,Friday,0,0,2.1,36.89,38.12,1.71,105.28,0,41.23,1.24,39.61,50.84,317.02,0,0,0,0,0,6.9,15.23,15.96,0,1.54,0,17.5,8.47,0,0,0,0,8.47,0,5547.85,2685.1594,0,0,148.225,5
15-May,May,Saturday,0,0,0,27.02,37.56,0,9.04,0,35.34,0,36.51,45.97,191.44,0,0,0,0,0,3.51,14.57,17.9,0,0,2.89,20.79,7.13,0,0,0,0,7.13,0,3980.0376,1364.9672,0,0,148.2327,0
16-May,May,Sunday,0,0,0,31.02,31.1,0,36.5,0,34.72,0,44.55,50.77,228.66,0,0,0,0,0,8.99,13.33,17.58,0,4.16,3.77,25.51,8.42,0,0,0,0,8.42,0,5833.1166,1925.3172,0,0,214.7942,4
17-May,May,Monday,0,16.89,0,27.11,27.88,4.98,222.78,0,37.96,5.83,30.32,53.59,427.34,0,0,0,0,0,11.56,14.27,16.59,0,5.09,1.36,23.04,8.86,0,0,0,0,8.86,0,9845.9136,3786.2324,0,0,204.1344,18
18-May,May,Tuesday,0,0.35,0,21.76,26.29,0,65.59,0,37.57,21.29,28.71,56.67,258.23,0,0,0,0,0,2.32,15.8,20.7,0,7.43,2.79,30.92,7.92,0,0,0,0,7.92,0,7984.4716,2045.1816,0,0,244.8864,9
19-May,May,Wednesday,0,7.61,2.89,16.84,14.7,3.7,74.43,4.21,35.1,8.72,26.86,30.42,225.48,0,0,0,1,1,7.18,15.61,12.65,0,10.1,12.43,35.18,7.61,0,0,0,0,7.61,0,7932.3864,1715.9028,0,0,267.7198,19
20-May,May,Thursday,0,8.78,0,15.62,12.6,3.3,84.23,2.98,19.28,2.19,17.1,27.45,193.53,0,0,0,0,0,0,15.14,33.64,0,0,13.99,47.63,7.71,0,0,0,0,7.71,0,9217.8339,1492.1163,0,0,367.2273,13
21-May,May,Friday,0,0.37,0,12.01,9.31,0,54.27,0,17.55,0,9.62,19.74,122.87,0,0,0,0,2.26,1.25,10.35,28.99,0,10.62,3.62,43.23,5.92,0,0,0,0,5.92,0,5311.6701,727.3904,0,0,255.9216,4
22-May,May,Saturday,0,0,0,5.9,14.48,0,39.78,0,17.34,3.7,14.18,12.09,107.47,0,0,0,0,0,2.15,14.02,11.47,0,13,2.39,26.86,4.23,0,0,0,0,4.23,0,2886.6442,454.5981,0,0,113.6178,2
23-May,May,Sunday,0,0,0,14.57,9.1,15.34,27.05,0,17.29,1.85,12.15,15.02,112.37,0,0,0,0,0,0.94,11.22,0,0,11.27,8.36,19.63,5.49,0,0,0,0,5.49,0,2205.8231,616.9113,0,0,107.7687,6
24-May,May,Monday,0,10.66,0,13.61,11.67,10.5,140,0,16.24,24.09,8.67,35.24,270.68,0,0,0,1.72,0,10.08,15.82,0,0,8.8,3.81,12.61,5.45,0,0,0,0,5.45,0,3413.2748,1475.206,0,0,68.7245,12
25-May,May,Tuesday,0,0,0,21.62,14.29,5.02,110.26,0,18.43,8.9,14.04,42.51,235.07,0,0,0,0,1.55,5.78,12.64,0,0,15.5,8.48,23.98,2.7,0,0,0,0,2.7,0,5636.9786,634.689,0,0,64.746,14
26-May,May,Wednesday,0,6.35,0,10.01,8.7,13.08,65.74,0,10.65,5.96,8.32,16.94,145.75,0,0,0,0,0,1.72,16.13,0,2.03,15.03,14.37,31.43,0,0,0,0,0,0,0,4580.9225,0,0,0,0,7
27-May,May,Thursday,0,7.3,0,5.28,7.82,14.06,32.93,0,10.68,3.78,8.12,17.4,107.37,0,0,0,0,1,1.67,19.16,0,1.12,2.49,12.53,16.14,0,0,0,0,0,0,0,1732.9518,0,0,0,0,7
28-May,May,Friday,0,6.71,0,4.53,5.83,0,47.78,0,13.57,0,4.93,3.71,87.06,0,0,0,0,1,1.86,15.62,0,0,2.77,0.8,3.57,0,0,0,0,0,0,0,310.8042,0,0,0,0,4
29-May,May,Saturday,0,0,0,1.91,6.12,0,9.3,0,8.47,0,1,20.72,47.52,0,0,0,0,0,14.41,10.02,0,0,8.89,2.33,11.22,0,0,0,0,0,0,0,533.1744,0,0,0,0,0
30-May,May,Sunday,0,0,0,13.08,6.04,2.93,44.18,0,9.91,0,7.67,4.69,88.5,0,0,0,0,0,0,10.39,0,0,6.55,15.35,21.9,0,0,0,0,0,0,0,1938.15,0,0,0,0,4
31-May,May,Monday,1,23.03,0,15.41,5.86,8.03,9.54,0,9.89,0,6.36,18.15,96.27,0,0,0,0,0,2.2,18.52,0,0,11.77,0.66,12.43,0,0,0,0,0,0,0,1196.6361,0,0,0,0,6
1-Jun,Jun,Tuesday,0,5.39,0,7.91,9.75,14.67,63.14,0,11.41,1.95,11.43,12.6,138.25,0,0,0,0,5.55,5.01,12.94,40.35,0,2.46,6.1,48.91,0,0,0,0,0,0,0,6761.8075,0,0,0,0,13
2-Jun,Jun,Wednesday,0,8.15,0,7.32,5.16,7.3,57.45,0,10.2,8.4,4.5,10.74,119.22,0,0,0,0,0,16.44,15.18,23.53,0,5.16,19.38,48.07,5.91,0,0,0,0,5.91,0,5730.9054,704.5902,0,0,284.0937,7
3-Jun,Jun,Thursday,0,15.4,0,7.25,5.84,3.09,59.77,0,10.31,6.03,6.39,12.17,126.25,0,0,0,0,0,13.89,13.83,31.97,0,12.31,14.23,58.51,5.86,0,0,0,0,5.86,0,7386.8875,739.825,0,0,342.8686,3
4-Jun,Jun,Friday,0,10.82,0,35.37,18.84,10.76,47.79,0,21.96,8.86,9.79,66.53,230.72,0,0,0,1,0,6.65,15.58,45.01,0,7.44,15.04,67.49,9.36,0,0,0,0,9.36,0,15571.2928,2159.5392,0,0,631.7064,7
5-Jun,Jun,Saturday,0,0.96,0,28.87,27.35,0,47.51,0,18.08,15.23,4.32,16.29,158.61,0,0,0,0,0,0,15.62,26.38,0,0,0,26.38,8.04,0,0,0,0,8.04,0,4184.1318,1275.2244,0,0,212.0952,5
6-Jun,Jun,Sunday,0,0,0,14.44,22.76,0,56.7,0,20.42,5.69,9.1,29.34,158.45,0,0,0,0,0,0,9.66,40.45,0,8.95,10.31,59.71,10.12,0,0,0,0,10.12,0,9461.0495,1603.514,0,0,604.2652,2
7-Jun,Jun,Monday,0,3.81,0,77.97,79.68,18.28,35.95,0,19.72,21.6,78.15,144.24,479.4,0,0,0,2.29,2.01,0,15.45,34.74,0,6.98,7.46,49.18,9.87,0,0,0,0,9.87,0,23576.892,4731.678,0,0,485.4066,18
8-Jun,Jun,Tuesday,0,16.07,0,49.09,55.68,34.78,41.26,0,20.19,15.4,78.84,155.84,467.15,0,0,0,0,0,5.52,14.31,32.08,2.11,7.51,15.75,57.45,10.52,0,0,0,0,10.52,0,26837.7675,4914.418,0,0,604.374,12
9-Jun,Jun,Wednesday,0,6.53,0,50.23,51.52,0.62,22.47,16.62,20.12,0,163.52,99.61,431.24,0,0,0,0,0,0.46,15.03,31.44,0,13.22,16.17,60.83,9.79,0,0,0,0,9.79,0,26232.3292,4221.8396,0,0,595.5257,10
10-Jun,Jun,Thursday,0,1.9,0,54.71,76.37,14.29,41.57,4.14,20.08,0,157.57,211.12,581.75,0,0,0,0,0,1.66,15.37,44.36,0,8.1,6.61,59.07,10.41,0,0,0,0,10.41,0,34363.9725,6056.0175,0,0,614.9187,7
11-Jun,Jun,Friday,0,3.99,0,52.16,92.92,0,36.56,38.1,24.72,81.8,133.26,168.11,631.62,0.67,0.01,0.68,0,0,1.5,14.69,24.15,0.28,11.72,5.44,41.59,10.83,0,0,0,0,10.83,429.5016,26269.0758,6840.4446,28.2812,7.3644,450.4197,7
12-Jun,Jun,Saturday,0,0,0,21.9,85.44,0,8.72,0,16.38,9.43,61.31,159.49,362.67,2.38,0,2.38,0,0,0.9,8.04,49.83,0,14.29,9.46,73.58,8.46,0,0,0,0,8.46,863.1546,26685.2586,3068.1882,175.1204,20.1348,622.4868,3
13-Jun,Jun,Sunday,0,0,0,44.92,151.5,0,50.35,0,13.44,2.33,104.04,244.98,611.56,0.32,0,0.32,2.32,0,6.98,15.23,26.7,0,4.16,5.85,36.71,10.23,0,0,0,0,10.23,195.6992,22450.3676,6256.2588,11.7472,3.2736,375.5433,3
14-Jun,Jun,Monday,0,15.44,0,35.8,106.15,4.95,57.61,0,13.96,43.4,98.72,236.32,612.35,1.42,0,1.42,0,0,7.15,14.98,23.9,0,11.98,16.38,52.26,10.11,0,0,0,0,10.11,869.537,32001.411,6190.8585,74.2092,14.3562,528.3486,17
15-Jun,Jun,Tuesday,0,2.33,0,48.51,116.72,16.6,44.02,0,16.73,16.76,102.72,247.74,612.13,2.67,0.01,2.68,4.08,0,2.95,14.36,0,0,4.94,1.8,6.74,9.97,0,0,0,0,9.97,1640.5084,4125.7562,6102.9361,18.0632,26.7196,67.1978,15
16-Jun,Jun,Wednesday,0,0.33,0,37.65,128.19,26.52,59.1,22.86,14.3,3.94,100.65,231.84,625.38,1.85,3.79,5.64,0,0,3.86,15.03,0,2.32,7.31,0,9.63,7.8,10.14,52.15,0,0,70.09,3527.1432,6022.4094,43832.8842,54.3132,395.3076,674.9667,7
17-Jun,Jun,Thursday,0,2.56,0,39,120.98,23.57,21.46,14.09,35.59,67.94,81.01,193.86,600.06,2.05,3.77,5.82,0,0,6.48,12.67,0,1.69,8.96,0,10.65,5.08,29.23,68.58,0,0,102.89,3492.3492,6390.639,61740.1734,61.983,598.8198,1095.7785,11
18-Jun,Jun,Friday,0,0,0,42.61,94.84,1.64,44.22,11.33,30.17,53.73,73.19,189.33,541.06,1.83,2.15,3.98,0,0,8.14,11.3,0,0,7.16,0.9,8.06,4.79,33.58,68.98,0,0,107.35,2153.4188,4360.9436,58082.791,32.0788,427.253,865.241,14
19-Jun,Jun,Saturday,0,0,0,4.3,54.95,0,30.58,3.58,23.31,0,36.09,166.93,319.74,2.2,2.15,4.35,2.21,0,3.27,1.45,0,0,1.99,6.84,8.83,4.37,34.06,71.54,0,0,109.97,1390.869,2823.3042,35161.8078,38.4105,478.3695,971.0351,7
20-Jun,Jun,Sunday,0,6.72,0,57.83,39.2,0,54.68,0,18.46,0,36.24,134.78,347.91,2.07,1.77,3.84,0,0,11.59,15.77,0,0,2.08,1,3.08,5.96,35.41,69.05,0,0,110.42,1335.9744,1071.5628,38416.2222,11.8272,424.0128,340.0936,6
21-Jun,Jun,Monday,0,9.44,0,55.45,154.87,23.49,52.35,19.99,23.29,80.39,116.74,274.78,810.79,0.44,2.2,2.64,0,0,5.19,16.45,0,0.42,12.98,7.61,21.01,4.95,35.3,71.03,0,0,111.28,2140.4856,17034.6979,90224.7112,55.4664,293.7792,2337.9928,18
22-Jun,Jun,Tuesday,0,16.84,0,47.98,123.33,26.1,45.72,11.9,22.73,44.29,95.69,226.07,660.65,2.8,1.93,4.73,0,0,4.89,17.82,0,0,6.13,13.32,19.45,5.48,34.44,73.9,0,0,113.82,3124.8745,12849.6425,75195.183,91.9985,538.3686,2213.799,18
23-Jun,Jun,Wednesday,0,16.93,0,14.86,41.85,10.67,16.03,13.14,13.84,23.4,30.12,60.44,241.28,0.77,1.94,2.71,0,0,0,12.31,0,0,2.49,0,2.49,4.86,23.79,56.69,0,0,85.34,653.8688,600.7872,20590.8352,6.7479,231.2714,212.4966,5
24-Jun,Jun,Thursday,0,19.62,0,12.86,11.95,11.67,12,34.6,10.26,19.98,12.01,11.74,156.69,0.71,1.92,2.63,0,0,0,0,0,0,0,0,0,6.25,19.54,48.53,0,0,74.32,412.0947,0,11645.2008,0,195.4616,0,10
25-Jun,Jun,Friday,0,19.32,0,6.12,6.9,1.17,8.67,0,9.8,0,14.26,8.43,74.67,0.43,0.85,1.28,0,0,0,0,0,0,0,0,0,3.94,19.48,48.42,0,0,71.84,95.5776,0,5364.2928,0,91.9552,0,14
26-Jun,Jun,Saturday,0,0,0,5.67,10.39,0,0,0,7.58,12.34,9.1,8.5,53.58,0.49,0.55,1.04,0,0,0,0,0,0,0,0,0,3.56,19.28,47.85,0,0,70.69,55.7232,0,3787.5702,0,73.5176,0,4
27-Jun,Jun,Sunday,0,4.58,0,5.99,10.87,0.58,6.4,14.23,9.22,0,4.66,10.75,67.28,0.8,1.65,2.45,0,0,0,0,0,0,0,0,0,6.25,21.01,57.61,0,0,84.87,164.836,0,5710.0536,0,207.9315,0,5
28-Jun,Jun,Monday,0,20.32,0,10.14,10.16,14.55,24.3,0,12.75,24.6,8.29,10.28,135.39,0.42,1.83,2.25,0,0,0,0,0,0,0,0,0,4.9,10.47,57.75,0,0,73.12,304.6275,0,9899.7168,0,164.52,0,8
29-Jun,Jun,Tuesday,0,10.97,0,21.54,10.24,10.62,13.24,19.99,10.47,6.69,12.85,9.31,125.92,0.23,1.08,1.31,0,0,0,0,0,0,0,0,0,6.25,0,57.58,0,0,63.83,164.9552,0,8037.4736,0,83.6173,0,7
30-Jun,Jun,Wednesday,0,8.37,10.83,7.81,7,10.3,8.73,9.71,9.98,11.89,4.4,10.8,99.82,0.29,0.89,1.18,0,0,0,0,0,0,0,0,0,6.25,0,0,0,0,6.25,117.7876,0,623.875,0,7.375,0,8
1-Jul,Jul,Thursday,0,39.27,0,30.17,28.45,7.56,27.72,22.38,25.09,18.86,20.32,33.87,253.69,0.71,5.63,6.34,0,2.53,6.95,14.64,56.63,1.36,12.54,0.24,70.77,4.86,0,0,0,0,4.86,1608.3946,17953.6413,1232.9334,448.6818,30.8124,343.9422,8
2-Jul,Jul,Friday,0,1.67,0,31.1,20.28,5.57,16.36,0,29.79,13.91,43.55,17.3,179.53,0.34,5.1,5.44,0,0,8.96,15.06,32.64,0,5.07,10.38,48.09,4.39,0,0,0,0,4.39,976.6432,8633.5977,788.1367,261.6096,23.8816,211.1151,6
3-Jul,Jul,Saturday,0,0,0,16.49,7.9,0,26.55,0,33.86,0,19.41,4.69,108.9,0.75,5.56,6.31,0,0,10.64,15.23,41.45,0,2.2,5.77,49.42,2.1,0,0,0,0,2.1,687.159,5381.838,228.69,311.8402,13.251,103.782,3
4-Jul,Jul,Sunday,1,0,0,1.17,15.55,0,15.92,0,29.27,0,40.99,12.04,114.94,4.48,5.36,9.84,0,0,0,4.25,22.37,0,4.3,0.57,27.24,5.35,0,0,0,0,5.35,1131.0096,3130.9656,614.929,268.0416,52.644,145.734,5
5-Jul,Jul,Monday,1,0,1.14,36.66,59.9,32.95,59.37,59.82,32.48,0,27.8,59.65,369.77,9.34,6.74,16.08,0,2.28,14.08,13.77,38.23,0,11.05,3.12,52.4,5.56,0,0,0,0,5.56,5945.9016,19375.948,2055.9212,842.592,89.4048,291.344,7
6-Jul,Jul,Tuesday,0,51.81,0,55.02,52.27,10.68,37.23,55.56,36.11,18.98,37.71,40.04,395.41,2.9,7.44,10.34,0,2.23,6.75,15.21,34.76,0,17.46,14.29,66.51,7.2,0,0,0,0,7.2,4088.5394,26298.7191,2846.952,687.7134,74.448,478.872,16
7-Jul,Jul,Wednesday,0,21.18,0,20.03,29.34,0,16.63,10.04,24.24,20.88,19.71,26.84,188.89,5.69,3.72,9.41,0,0,12.23,15.18,20.86,0,13.77,12.42,47.05,25.61,0,0,0,0,25.61,1777.4549,8887.2745,4837.4729,442.7405,240.9901,1204.9505,10
8-Jul,Jul,Thursday,0,33.54,4.27,21.01,27.8,37.24,15.93,7.5,17.67,0,19.84,17.41,202.21,0.53,4.59,5.12,0,2.58,1.1,14.93,31.18,0,11.56,4.15,46.89,25.87,0,0,0,0,25.87,1035.3152,9481.6269,5231.1727,240.0768,132.4544,1213.0443,16
9-Jul,Jul,Friday,0,42.72,3.05,22.41,9.62,1.04,25.25,0,16.21,37.27,18.44,19.06,195.07,0.23,4.64,4.87,0,0,1.5,9.95,16.4,0,5.76,12.18,34.34,25.34,0,0,0,0,25.34,949.9909,6698.7038,4943.0738,167.2358,123.4058,870.1756,14
10-Jul,Jul,Saturday,0,0,0,6.6,13.8,2.7,0,0,15.65,0,17.94,15.77,72.46,0.33,4.99,5.32,0,3.17,5.3,8.17,25.9,0,0,7.95,33.85,23.87,0,0,0,0,23.87,385.4872,2452.771,1729.6202,180.082,126.9884,807.9995,6
11-Jul,Jul,Sunday,0,0,0,12.17,12.75,12.89,15.91,2.23,29.24,0,1.04,10.34,96.57,0.1,4.45,4.55,0,0,9.25,15.6,25.93,0,8.9,4.88,39.71,25.27,0,0,0,0,25.27,439.3935,3834.7947,2440.3239,180.6805,114.9785,1003.4717,3
12-Jul,Jul,Monday,0,26.96,0,36.45,35.05,8.65,39.59,57.02,20.98,34.12,36.75,33.26,328.83,0.11,5.06,5.17,0,2.27,17.21,15.31,16.24,0,14.4,2.44,33.08,26.3,0,0,0,0,26.3,1700.0511,10877.6964,8648.229,171.0236,135.971,870.004,14
13-Jul,Jul,Tuesday,0,20.98,0.98,22.3,23.41,13.89,19.46,35.9,20.2,36.08,28.99,19.61,241.8,0.11,4.94,5.05,0,0,3.25,14.46,21.94,0,8.46,14.86,45.26,26.14,0,0,0,0,26.14,1221.09,10943.868,6320.652,228.563,132.007,1183.0964,13
14-Jul,Jul,Wednesday,0,21.9,5.25,20.55,18.84,10.01,23.21,29,17.78,30.22,24.46,21.37,222.59,0.15,5.18,5.33,2.06,0,6.63,15.18,23.73,5.8,10.56,7.95,48.04,23.83,0,0,0,0,23.83,1186.4047,10693.2236,5304.3197,256.0532,127.0139,1144.7932,12
15-Jul,Jul,Thursday,0,16,1.67,16.87,24.68,11.2,11.19,23.28,18.13,2.31,16.71,21.94,163.98,0.13,4.16,4.29,0,0,16.41,15.45,30.86,0,1.1,14.47,46.43,24.91,0,0,0,0,24.91,703.4742,7613.5914,4084.7418,199.1847,106.8639,1156.5713,10
16-Jul,Jul,Friday,0,21.45,0,7.02,17.25,16.88,15.8,16.56,16.01,6.71,10.16,6.77,134.61,3.99,4.67,8.66,0,0,4.98,12.52,26.1,0,0.94,6.08,33.12,25.66,0,0,0,0,25.66,1165.7226,4458.2832,3454.0926,286.8192,222.2156,849.8592,9
17-Jul,Jul,Saturday,0,0,0,13.16,7.48,7.61,36.35,0,14.86,21.74,7.78,1.68,110.66,5.34,5.05,10.39,0,0,0,13.56,0,0,2.81,17.54,20.35,22.88,0,0,0,0,22.88,1149.7574,2251.931,2531.9008,211.4365,237.7232,465.608,11
18-Jul,Jul,Sunday,0,7.82,0,17.5,9.36,7.4,4.94,0,12.73,0,7.76,6.58,74.09,0.09,5,5.09,0,0,5.94,1.95,0,0,8.63,15.4,24.03,26.23,0,0,0,0,26.23,377.1181,1780.3827,1943.3807,122.3127,133.5107,630.3069,2
19-Jul,Jul,Monday,0,1.87,3.53,21.95,13.89,17.62,26.16,29.9,25.33,24.46,34.85,35.7,235.26,3.09,4.92,8.01,0,1.08,14.58,14.33,0,1.42,7.99,14.3,23.71,26.85,0,0,0,0,26.85,1884.4326,5578.0146,6316.731,189.9171,215.0685,636.6135,18
20-Jul,Jul,Tuesday,0,2.38,0,30.22,29.61,11.71,2.45,0,23.79,4.07,26.37,21.67,152.27,1.16,5.41,6.57,0,0,13.53,14.33,5.75,0,5.93,0.33,12.01,26.19,0,0,0,0,26.19,1000.4139,1828.7627,3987.9513,78.9057,172.0683,314.5419,17
21-Jul,Jul,Wednesday,0,31.99,2.19,22.11,19.88,16.18,36.3,2.65,20.71,8.18,26.96,12.58,199.73,1.16,6.13,7.29,0,2.6,5.14,17.12,0,0,14.07,17.01,31.08,26.12,0,0,0,0,26.12,1456.0317,6207.6084,5216.9476,226.5732,190.4148,811.8096,14
22-Jul,Jul,Thursday,0,37.36,1.6,23.02,16.65,11.21,11.89,12.06,20.4,38.29,2.84,37.42,212.74,3.69,5.63,9.32,0,0,0,15.05,0,0,18.24,6.79,25.03,25.29,0,0,0,0,25.29,1982.7368,5324.8822,5380.1946,233.2796,235.7028,633.0087,11
23-Jul,Jul,Friday,0,0,0,16.48,14.06,25.15,29.21,54.68,14.47,2.41,17.56,18.82,192.84,3.69,5.33,9.02,0,0,4.04,15.22,0,2.24,3.07,9.54,14.85,23.48,0,0,0,0,23.48,1739.4168,2863.674,4527.8832,133.947,211.7896,348.678,7
24-Jul,Jul,Saturday,0,0,0,18.36,13.34,0,2.01,10.34,16.84,2.34,9.78,4.68,77.69,0.05,5.67,5.72,1.99,0,3.42,7.24,0,0,3.21,1.98,5.19,20.84,0,0,0,0,20.84,444.3868,403.2111,1619.0596,29.6868,119.2048,108.1596,9
25-Jul,Jul,Sunday,0,0,0,24.04,23.5,0,30.24,0,16.71,0,8.55,22.38,125.42,0.06,2.78,2.84,0,0,8.8,11.92,0,0,3.34,1.95,5.29,24.83,0,0,0,0,24.83,356.1928,663.4718,3114.1786,15.0236,70.5172,131.3507,5
26-Jul,Jul,Monday,0,19.58,0,15.2,25.51,13.4,24.32,17.16,22.87,31.07,37.36,34.35,240.82,0.06,3.72,3.78,0,1.29,12.96,13.76,0,0,14.68,7.3,21.98,24.56,0,0,0,0,24.56,910.2996,5293.2236,5914.5392,83.0844,92.8368,539.8288,9
27-Jul,Jul,Tuesday,0,51.36,0,13.41,27.11,0,15.8,31.53,17.4,29.84,30.07,28.39,244.91,0.25,3.31,3.56,0,0,0.47,17.54,4.25,0,15.47,2.47,22.19,25.7,0,0,0,0,25.7,871.8796,5434.5529,6294.187,78.9964,91.492,570.283,10
28-Jul,Jul,Wednesday,0,29.58,3.89,15.36,24.91,0,16.04,35.12,16.44,33.21,19.36,25.13,219.04,1.23,6.3,7.53,0,0,4.2,21.89,0,0,0.73,11.25,11.98,28.48,0,0,0,0,28.48,1649.3712,2624.0992,6238.2592,90.2094,214.4544,341.1904,14
29-Jul,Jul,Thursday,0,56.3,0,18.03,21.74,3.67,22.12,3.13,16.47,15.06,9.9,20.64,187.06,1.8,5,6.8,0,0,5.17,19.93,0,0,8.32,12.4,20.72,23.95,0,0,0,0,23.95,1272.008,3875.8832,4480.087,140.896,162.86,496.244,14
30-Jul,Jul,Friday,0,38.37,1.4,14,8.74,4.33,10.07,18.39,15.52,26.12,23.4,10.57,170.91,0.35,3.41,3.76,0,0,3.47,16.26,4.41,1.94,3.67,12.44,22.46,25.74,0,0,0,0,25.74,642.6216,3838.6386,4399.2234,84.4496,96.7824,578.1204,11
31-Jul,Jul,Saturday,0,9.44,0,0.72,1.47,0,3.33,0,20.97,0,6.57,2.13,44.63,0.35,2.09,2.44,0,0,9.24,13.68,0,0,2.29,10.04,12.33,21.7,0,0,0,0,21.7,108.8972,550.2879,968.471,30.0852,52.948,267.561,2
1-Aug,Aug,Sunday,0,5.65,0,2.96,0,0,20,17.76,18.44,1.79,2.37,1.06,70.03,0.39,2.62,3.01,0,0,7.53,11.28,33.5,0.37,2.32,0,36.19,25.3,0,0,0,0,25.3,210.7903,2534.3857,1771.759,108.9319,76.153,915.607,3
2-Aug,Aug,Monday,0,14.46,0,37.13,37.44,6.58,24.09,15.64,25,14.42,40.09,12.25,227.1,0.19,2.36,2.55,0,0,0.84,14.63,26.82,0,0,3.02,29.84,25.59,0,0,0,0,25.59,579.105,6776.664,5811.489,76.092,65.2545,763.6056,15
3-Aug,Aug,Tuesday,0,37.35,1.55,23.87,24.63,6,26.7,13.74,23.33,9.21,23.36,17.24,206.98,0.15,1.61,1.76,0,2.28,9.9,15.37,24.4,0.69,11.66,2.21,38.96,24.83,0,0,0,0,24.83,364.2848,8063.9408,5139.3134,68.5696,43.7008,967.3768,21
4-Aug,Aug,Wednesday,0,4.1,29.18,20.25,30.12,25.03,23.83,0,24.02,19.57,18.26,37.24,231.6,0.2,5.32,5.52,0,0,3.04,8.87,26.7,0,16.09,9.28,52.07,24.48,0,0,0,0,24.48,1278.432,12059.412,5669.568,287.4264,135.1296,1274.6736,11
5-Aug,Aug,Thursday,0,42.4,11.47,19.52,25.02,8.96,21.71,9.75,21.26,23.21,24.12,24.9,232.32,0.36,2.97,3.33,0,0,0,15.33,38.39,0,16.38,15.3,70.07,24.8,0,0,0,0,24.8,773.6256,16278.6624,5761.536,233.3331,82.584,1737.736,12
6-Aug,Aug,Friday,0,25,4.88,18.62,13,7.54,14.42,12.83,16.28,20.22,62.99,8.28,204.06,0.32,2.92,3.24,1.28,0,0,13.9,30.48,0,4.38,0.6,35.46,24.24,0,0,0,0,24.24,661.1544,7235.9676,4946.4144,114.8904,78.5376,859.5504,6
7-Aug,Aug,Saturday,0,10.32,0,13.28,3.1,0,14.85,0,16.48,0,108.31,11.3,177.64,0.25,3.35,3.6,0,0,0,13.25,23.49,0.77,5.63,5.98,35.87,25.76,0,0,0,0,25.76,639.504,6371.9468,4576.0064,129.132,92.736,924.0112,5
8-Aug,Aug,Sunday,0,0,0,17.46,2.56,8.04,11.65,2.35,12.56,0,55.71,26.62,136.95,0.5,2.19,2.69,0,0,6.13,9.45,35.03,0,1.66,3.34,40.03,26.49,0,0,0,0,26.49,368.3955,5482.1085,3627.8055,107.6807,71.2581,1060.3947,2
9-Aug,Aug,Monday,0,0.65,0,20.56,32.32,2.8,21.12,13.31,18.11,35.53,200.09,27.99,372.48,1.02,2.3,3.32,0,0,8.9,15.1,30.02,0.76,8.42,1.42,40.62,25.9,0,0,0,0,25.9,1236.6336,15130.1376,9647.232,134.8584,85.988,1052.058,11
10-Aug,Aug,Tuesday,0,2.66,0,15.32,22.87,4.68,11.24,18.92,16.12,31.95,151.52,26.84,302.12,0.26,3.36,3.62,0,0,3.06,13.54,23.94,1,1.98,1.52,28.44,24.84,0,0,0,0,24.84,1093.6744,8592.2928,7504.6608,102.9528,89.9208,706.4496,17
11-Aug,Aug,Wednesday,0,32.2,14.37,21.05,14.43,32.44,15.42,7.69,12.94,19.31,99.18,22.21,291.24,0.49,3.01,3.5,0,0,4.05,17.89,15.94,0,5.83,9.51,31.28,25.77,0,0,0,0,25.77,1019.34,9109.9872,7505.2548,109.48,90.195,806.0856,14
12-Aug,Aug,Thursday,0,37.28,11.64,19.14,21.97,4.54,22.61,0,14.06,8.1,99.67,24.1,263.11,1.28,3.83,5.11,0,0,1.96,12.14,23.05,2.16,9.05,7.13,41.39,23.56,0,0,0,0,23.56,1344.4921,10890.1229,6198.8716,211.5029,120.3916,975.1484,14
13-Aug,Aug,Friday,0,33.31,0,30.38,20.24,3.31,17.16,7.06,50.44,2.39,69.63,17.15,251.07,0.94,3.12,4.06,0,0,6.66,15.46,31.31,0,3.89,12.35,47.55,25.21,0,0,0,0,25.21,1019.3442,11938.3785,6329.4747,193.053,102.3526,1198.7355,11
14-Aug,Aug,Saturday,0,2.2,0,49.55,7.68,0,14.38,0,49.59,0,94.68,7.47,225.55,2.42,3.03,5.45,0,0,0,8.58,28.62,0,1.14,1.33,31.09,23.23,0,0,0,0,23.23,1229.2475,7012.3495,5239.5265,169.4405,126.6035,722.2207,2
15-Aug,Aug,Sunday,0,0,0,48.87,29.4,0,99.74,26.62,50,2.35,115.51,2.67,375.16,0.13,2.84,2.97,0,0,14.87,4.33,17.12,0,4.46,6,27.58,26.05,0,0,0,0,26.05,1114.2252,10346.9128,9772.918,81.9126,77.3685,718.459,5
16-Aug,Aug,Monday,0,35.07,0,65.92,99.98,5.93,74.97,0,50.24,23.29,138.07,29.8,523.27,0.15,7.62,7.77,0,0,0,13.97,19.58,0.8,1.5,17.89,39.77,24.43,0,0,0,0,24.43,4065.8079,20810.4479,12783.4861,309.0129,189.8211,971.5811,19
17-Aug,Aug,Tuesday,0,44.62,0,43.87,95.52,0,54.15,0.38,50.64,24.6,107.29,24.29,445.36,0.14,5.87,6.01,0,0,1.07,14.7,24.82,0,6.82,14.63,46.27,24.5,0,0,0,0,24.5,2676.6136,20606.8072,10911.32,278.0827,147.245,1133.615,19
18-Aug,Aug,Wednesday,0,14.95,0,31.52,63.52,0,61.64,4.82,55.46,13.57,105.78,67.27,418.53,0.16,6.77,6.93,0,0,12.86,16.48,38.21,0,1.39,13.54,53.14,24.49,0,0,0,0,24.49,2900.4129,22240.6842,10249.7997,368.2602,169.7157,1301.3986,15
19-Aug,Aug,Thursday,0,13.09,0,37.64,56.57,30.44,35.72,13.29,55.49,33.49,70.84,149,495.57,0.11,6.64,6.75,2.21,0,11.7,16.06,0,0,10.48,15.22,25.7,25.92,0,0,0,0,25.92,3345.0975,12736.149,12845.1744,173.475,174.96,666.144,14
20-Aug,Aug,Friday,0,8.84,0,27.08,31.79,11.08,14.38,0,60.59,59.95,73.53,85.03,372.27,0.3,6.19,6.49,0,2.24,15.33,16.11,1.16,0,5.08,11.6,17.84,26.17,0,0,0,0,26.17,2416.0323,6641.2968,9742.3059,115.7816,169.8433,466.8728,7
21-Aug,Aug,Saturday,0,33.5,0,22.69,34.09,0,108.04,0,50.1,0,33.55,51.47,333.44,0.12,7.66,7.78,1.72,0,0.62,15.59,0,0,1.39,7.23,8.62,23.44,0,0,0,0,23.44,2594.1632,2874.2528,7815.8336,67.0636,182.3632,202.0528,5
22-Aug,Aug,Sunday,0,19.71,0,13.26,52.67,2.2,42.1,0.17,47.86,0,66.89,95.7,340.56,0.14,9.26,9.4,0,0,1.64,17.92,0,0,2.47,6.52,8.99,25.94,0,0,0,0,25.94,3201.264,3061.6344,8834.1264,84.506,243.836,233.2006,7
23-Aug,Aug,Monday,0,27.76,0,98.64,78.83,3.26,66.67,18.04,49.42,16.35,173.19,106.84,639,0.15,8.93,9.08,0,0,0,6.65,0,0,8.99,6.05,15.04,12,0,0,0,0,12,5802.12,9610.56,7668,136.5632,108.96,180.48,14
24-Aug,Aug,Tuesday,0,23.79,36.11,100.63,58.2,36.59,56.74,52.52,49.7,59.91,145.88,94.46,714.53,0.17,10.78,10.95,2.5,0,5.02,17.58,0,0,6.61,6.21,12.82,0,0,0,0,0,0,7824.1035,9160.2746,0,140.379,0,0,11
25-Aug,Aug,Wednesday,0,38.63,0,72.96,43.23,0,29.59,18.42,45.22,24.47,157.49,90.42,520.43,0.11,5.74,5.85,2.97,0,8.41,6.68,7.74,1.87,0,5.09,14.7,0,0,0,0,0,0,3044.5155,7650.321,0,85.995,0,0,21
26-Aug,Aug,Thursday,0,18.1,34.46,38.29,64.66,21,37.45,12.88,39.5,58.34,134.21,111.49,570.38,0.06,4.06,4.12,0,0,0,8.34,9.38,0,6.76,2.7,18.84,0,0,0,0,0,0,2349.9656,10745.9592,0,77.6208,0,0,14
27-Aug,Aug,Friday,0,13.91,7.75,16.72,22.97,0,37.32,0,29.69,13.85,65.97,37.76,245.94,0.84,3.55,4.39,0,0,4.69,7.49,34.2,0,7.67,1.99,43.86,0,0,0,0,0,0,1079.6766,10786.9284,0,192.5454,0,0,8
28-Aug,Aug,Saturday,0,0,0,26.54,20.07,0,24.06,0,41.44,59.57,60.35,32.28,264.31,1.57,2.76,4.33,0,0,7.21,6.75,1.22,0,4.92,5.41,11.55,0,0,0,0,0,0,1144.4623,3052.7805,0,50.0115,0,0,8
29-Aug,Aug,Sunday,0,6.99,0,52.54,42.9,0,88.75,0,52.18,11.97,73.36,39.83,368.52,0.84,3.21,4.05,0,0,3.49,4.64,0,0,3.3,4.94,8.24,0,0,0,0,0,0,1492.506,3036.6048,0,33.372,0,0,12
30-Aug,Aug,Monday,0,20.79,22.4,99.78,80.91,8.33,75.66,4.7,72.45,52.53,131.08,116.41,685.04,2.01,1.56,3.57,0,0,1.02,7.82,2.47,2,0.79,0.56,5.82,0,0,0,0,0,0,2445.5928,3986.9328,0,20.7774,0,0,17
31-Aug,Aug,Tuesday,0,14.93,18.32,72.62,46.67,38.92,19.46,36.66,49.99,7.37,67.28,56.88,429.1,0.13,2.86,2.99,0,0,0,0,0,0,0,0,0,0,0,0,0,0,0,1283.009,0,0,0,0,0,10
1-Sep,Sep,Wednesday,0,20.04,2.1,73.59,65.91,23.6,58.23,0,59.16,43.23,98.55,103.68,548.09,0.08,3.78,3.86,0,0,6.7,7.44,8.04,0,1.7,0.18,9.92,0,0,0,0,0,0,2115.6274,5437.0528,0,38.2912,0,0,13
2-Sep,Sep,Thursday,0,19.83,5.37,78.09,86.63,0,73.74,17.83,68.98,23.58,109.43,83.85,567.33,0.11,4.01,4.12,0,0,2.35,3.16,24.38,0,2.12,7.55,34.05,0,0,0,0,0,0,2337.3996,19317.5865,0,140.286,0,0,14
3-Sep,Sep,Friday,0,18.83,17.07,41.91,26.24,29.26,57.9,2.8,40.21,23.03,96.59,37.56,391.4,0.11,3.54,3.65,0,0,7.57,6.93,8.96,0,1.28,4.36,14.6,0,0,0,0,0,0,1428.61,5714.44,0,53.29,0,0,18
4-Sep,Sep,Saturday,0,3.42,0,22.81,18.57,0,27.65,0,29.1,6.87,16.66,60.06,185.14,0.12,4.07,4.19,0,0,3.42,2.59,16.47,0,1.08,6.01,23.56,0,0,0,0,0,0,775.7366,4361.8984,0,98.7164,0,0,3
5-Sep,Sep,Sunday,0,0,0,29.73,17.7,0,37.07,0,32.43,0,26.45,39.38,182.76,0.22,3.61,3.83,0,0,0,6.3,29,0,0,3.5,32.5,0,0,0,0,0,0,699.9708,5939.7,0,124.475,0,0,4
6-Sep,Sep,Monday,1,32.8,0,14.26,75.75,0,45.66,0,43.93,40.05,190.43,109.7,552.58,0.02,3.46,3.48,0,0,2.88,6.48,12.89,0,7.04,0,19.93,0,0,0,0,0,0,1922.9784,11012.9194,0,69.3564,0,0,9
7-Sep,Sep,Tuesday,0,28.24,25.94,59.78,50.8,23.73,46.58,31.43,70.54,111.86,135.37,62.81,647.08,0.14,2.94,3.08,1.93,0.05,2.63,10.08,22.19,3.72,4.37,5.47,35.75,0,0,0,0,0,0,1993.0064,23133.11,0,110.11,0,0,15
8-Sep,Sep,Wednesday,0,28.3,11.4,47.32,43.74,13,29.17,0,50.51,45.77,96.06,77.43,442.7,0.08,1.63,1.71,1.22,0,12.27,14.87,21.56,0,3.24,7.45,32.25,0,0,0,0,0,0,757.017,14277.075,0,55.1475,0,0,22
9-Sep,Sep,Thursday,0,31.68,7.83,37.51,39.85,20.26,40.8,31.08,48.35,39.66,106.31,57.4,460.73,0.1,2.77,2.87,2.61,0,14.99,15.43,27.3,0,9.16,0,36.46,0,0,0,0,0,0,1322.2951,16798.2158,0,104.6402,0,0,12
10-Sep,Sep,Friday,0,0,0,30.57,40.65,16.22,5.55,3.57,48.55,35.97,71.9,66.18,319.16,0.08,2.24,2.32,0,2.61,14.76,22,83.16,3.75,2.32,11.45,100.68,0,0,0,0,0,0,740.4512,32133.0288,0,233.5776,0,0,9
11-Sep,Sep,Saturday,0,8.82,0,15.18,9.12,22.77,50.79,9.63,31.69,3.25,35.14,23.82,210.21,0.05,1.99,2.04,0,0,14.36,29.53,79.45,0,9.96,2.19,91.6,0,0,0,0,0,0,428.8284,19255.236,0,186.864,0,0,1
12-Sep,Sep,Sunday,0,21.71,0,6.5,12.55,0,54.37,0,33.82,3.54,106.55,12.79,251.83,0.06,0.34,0.4,0,0,10.98,11.66,93.82,4.06,14.8,0,112.68,0,0,0,0,0,0,100.732,28376.2044,0,45.072,0,0,4
13-Sep,Sep,Monday,0,10.93,29.94,47.34,65.88,21.67,46.86,20.53,30.11,56.01,94.64,93.35,517.26,3.99,4.27,8.26,0,0,4.96,13.15,100.98,0,12.1,15,128.08,16.4,0,0,0,0,16.4,4272.5676,66250.6608,8483.064,1057.9408,135.464,2100.512,9
14-Sep,Sep,Tuesday,0,28.22,28.98,69.17,5.34,25.76,4.43,0,31.05,38.64,121.03,61.76,414.38,0.02,2.66,2.68,0,0,0,17.96,83.24,0,6.75,0,89.99,20.19,0,0,0,0,20.19,1110.5384,37290.0562,8366.3322,241.1732,54.1092,1816.8981,16
15-Sep,Sep,Wednesday,0,31.28,5.63,79.74,70.12,31.04,33,6.09,33.58,66,111.28,72.52,540.28,0.08,2.68,2.76,1.97,4.56,0,19.84,126.1,0,5.93,4.12,136.15,20.39,0,0,0,0,20.39,1491.1728,73559.122,11016.3092,375.774,56.2764,2776.0985,12
16-Sep,Sep,Thursday,0,36.23,1.3,89.26,50.17,0,22.29,0,50.88,33.28,90.87,46.24,420.52,0.79,2.97,3.76,0,0,0,33.88,122.98,2.27,10.38,0,135.63,19.59,0,0,0,0,19.59,1581.1552,57035.1276,8237.9868,509.9688,73.6584,2656.9917,11
17-Sep,Sep,Friday,0,28.36,0,43.59,33.87,20.32,78.54,29.84,76.24,52.43,42.42,54.54,460.15,0.04,3.99,4.03,2.62,0,3.14,24.92,122.52,0,4.3,9.99,136.81,19.87,0,0,0,0,19.87,1854.4045,62953.1215,9143.1805,551.3443,80.0761,2718.4147,10
18-Sep,Sep,Saturday,0,17.05,10.58,53.81,11.49,0,69.57,38.42,39.26,0,25.75,73.68,339.61,0.22,3.97,4.19,0,0,11.44,31.68,132.06,0,19.88,9.69,161.63,16.79,0,0,0,0,16.79,1422.9659,54891.1643,5702.0519,677.2297,70.3501,2713.7677,3
19-Sep,Sep,Sunday,0,7.09,0,25.44,20.77,24.59,16.47,0,49.35,0,41.8,37.99,223.5,0.1,3.44,3.54,0,0,20.28,13.23,124.91,0,2.61,2.32,129.84,19.96,0,0,0,0,19.96,791.19,29019.24,4461.06,459.6336,70.6584,2591.6064,4
20-Sep,Sep,Monday,0,30.84,18.14,93.28,61.82,29.44,88.53,43.77,67.21,46.42,185.96,98.44,763.85,0.13,4.7,4.83,1.49,0,0,19.05,131.48,0,15,3.7,150.18,20.47,0,0,0,0,20.47,3689.3955,114714.993,15636.0095,725.3694,98.8701,3074.1846,14
21-Sep,Sep,Tuesday,0,25.44,5.26,149.87,47.96,60.38,63.73,18.09,64.52,38.7,181.06,82.09,737.1,0.12,4.99,5.11,0.33,0,9.38,30.65,141.91,0,18.78,4.58,165.27,19.83,0,0,0,0,19.83,3766.581,121820.517,14616.693,844.5297,101.3313,3277.3041,23
22-Sep,Sep,Wednesday,0,24,0,78.88,45.86,43.51,19.07,64.26,59.55,68.26,100.03,83.76,587.18,0.12,2.26,2.38,0,0,7.9,26.55,144.02,0,9.82,13.6,167.44,21.43,0,0,0,0,21.43,1397.4884,98317.4192,12583.2674,398.5072,51.0034,3588.2392,18
23-Sep,Sep,Thursday,0,13.95,9.3,88.42,36.91,55.66,69.48,43.56,57.79,51.13,134.02,80.94,641.16,0.13,6.34,6.47,1.08,0,2.01,25.64,133.68,4.41,17.08,6,161.17,19.12,0,0,0,0,19.12,4148.3052,103335.7572,12258.9792,1042.7699,123.7064,3081.5704,22
24-Sep,Sep,Friday,0,20.59,0,6.71,11.58,0,32.6,12.88,21.86,0,22.7,29.92,158.84,0.28,0.01,0.29,0,0,0,40.45,141.29,0,0,0,141.29,18.56,0,0,0,0,18.56,46.0636,22442.5036,2948.0704,40.9741,5.3824,2622.3424,12
